[200, '2023-10-07 16:09:04', 'Dac6Xking2E', 446.61, '下载完成', '以下载']
[200, '2023-10-07 16:09:04', 'Dac6Xking2E', 446.61, '下载完成', '以下载',
'2023-10-07 16:19:17', 'zqac7wWpwSg', 92.34, '下载完成', '以下载']
[200, '2023-10-08 09:26:11', 'zqac7wWpwSg', 92.34, '下载完成', '以下载']
[200, '2023-10-08 13:48:48', 'mjMNa4tt3V4', 273.04, '下载完成', '已下载']
[200, '2023-10-10 06:40:08', 'yfseyqj3zjw', 713.54, '已下载']
[200, '2023-10-12 03:00:18', 'yYGMsCLphuw', 524.78, 
'2023-10-12 03:03:14', 'M_QJ1Zz-9i0', 248.85, '已下载']
[200, '2023-10-13 03:00:06', 'szo-fUGeQ34', 375.82, '已下载']
[200, '2023-10-14 03:00:05', 'ZCtzZ-eZj98', 268.5, '已下载 \n']
[200, '2023-10-15 03:00:06', '6-K5iKZembo', 528.15, '已下载 \n']
[200, '2023-10-16 03:00:05', 'duyV6VqgkIQ', 259.18, '已下载 \n']
[200, '2023-10-17 03:00:05', 'kBHDnVT1-6Y', 514.44, '已下载']

[200, '2023-10-19 03:00:04', 'uprT1vpeV3o', 252.61, '2023-10-19 03:00:58', '27v7gzGHobQ', 360.66, '已下载']

[200, '2023-10-20 03:00:07', 'kdSIB6ALPI4', 347.44, '已下载']
[200, '2023-10-21 03:00:03', 'WHUa_8RO_Xw', 174.85, '已下载']
[200, '2023-10-22 03:00:24', 'jk83unlj95U', 220.0, '已下载']
[200, '2023-10-23 03:00:13', '2P2AmUaZjN4', 65.52, '已下载']
[200, '2023-10-24 03:00:03', '37LhEhdLav8', 419.49, '已下载']
[200, '2023-10-26 10:18:29', 'AuyMuYGpcAo', 290.29, '已下载']
['2023-10-26 10:20:57', 'EFyZXvbujac', 243.64, '已下载']
[200, '2023-10-27 03:00:25', '70sZhGvohNA', 314.49, '已下载']
[200, '2023-10-29 03:00:14', '-E95uJAy_Is', 306.44, '已下载']
['2023-10-29 03:03:28', 'LRSnO1EQy48', 254.16, '已下载']
[200, '2023-10-30 03:00:23', 'BcTkxzcdD8A', 262.46, '已下载']
[200, '2023-10-31 03:00:06', 'E_v4aho5bV8', 267.86, '已下载']
[200, '2023-11-01 03:00:05', 'yDwXHXHS5fs', 175.43, '已下载']
[200, '2023-11-02 15:26:32', 'sH3mmFHMbdo', 337.58, '已下载']
[200, '2023-11-03 03:00:03', '-cK9BvEOjcY', 482.44, '已下载']
[200, '2023-11-05 03:00:04', 'iV2WPuyeXVo', 409.69, '2023-11-05 03:01:08', 'Wn2N3Xk6YlI', 277.6, '已下载']
[200, '2023-11-06 03:00:03', 'ygOJT3FXMxI', 268.21, '已下载']
[200, '2023-11-08 13:28:15', '5vy0xSHPpAY', 259.34, '2023-11-08 13:30:18', 'NFglAHfWVhA', 338.77, '已下载']
[200, '2023-11-09 03:00:13', '5rSNtrEOEAo', 472.12, '已下载']
[200, '2023-11-10 03:00:14', 'RRNAyd-_Ufc', 351.99, '已下载']
[200, '2023-11-11 03:00:04', '_foqVWLbRD8', 216.23, '已下载']
[200, '2023-11-13 03:00:03', '7uirW0HM_NY', '2023-11-13 03:00:09', '9FrHvTbCGL0', 298.93, '已下载']
[200, '2023-11-14 06:59:10', 'hWgv308tAyg', 210.48, '已下载']
[200, '2023-11-15 03:00:03', '5K_V0H8USZc', 249.58, '已下载']
[200, '2023-11-16 03:00:03', 'BwrZtrTozVE', 623.58, '已下载']
[200, '2023-11-18 03:00:13', 'WDOO-Z4gvec', 307.37, '2023-11-18 03:03:45', 'CaN8QmO1x0g', 327.35, '已下载']
[200, '2023-11-19 03:00:03', 'W6_ezaS9-Es', 487.12, '已下载']
[200, '2023-11-20 03:00:03', 'OJJ9zZKw0Vg', 241.3, '已下载']
[200, '2023-11-21 03:00:04', 'j1tco8RpVIg', 461.56, '已下载']
[200, '2023-11-22 03:00:03', 'FOxSwMQToG4', 344.14, '已下载']
[200, '2023-11-23 03:00:04', 'MEV1eieWEKw', 428.51, '已下载']
[200, '2023-11-24 03:00:03', 'XLdaQ2KsKbo', 325.96, '已下载']
[200, '2023-11-26 03:00:04', 'uiAQkJRRgnE', 232.73, '已下载']
[200, '2023-11-27 03:00:04', '_mIPs2ERJbU', 412.22, '已下载']
[200, '2023-11-29 03:00:04', '7Ch3N9B-Kls', 484.36, '已下载']
['2023-11-29 03:01:59', 'll20ELtEa1s', 254.45, '已下载']
['2023-11-29 03:03:38', '1VutAJft1P4', 291.97, '已下载']
[200, '2023-12-01 03:00:03', 'IATgqHTT6Ck', 485.42, '已下载']
['2023-12-01 03:02:29', 'lpHpPOuegDU', 209.07, '已下载']
[200, '2023-12-02 03:00:03', 'Qc8IgLDyC7w', 487.89, '已下载']
[200, '2023-12-03 03:00:03', 'NDqAhwm5uzc', 339.16, '已下载']
[200, '2023-12-04 03:00:04', 'rm-DFcSJFXY', 445.66, '已下载']
[200, '2023-12-05 03:00:03', 'J5R4-o2JwBI', 824.73, '已下载']
[200, '2023-12-09 03:00:03', '9dbCcW94_ac', 641.58, '已下载']
['2023-12-09 03:02:15', '1m01KJj6OV0', 11.2, '已下载']
['2023-12-09 03:02:25', 'RRop01mhcKc', 242.13, '已下载']
['2023-12-09 03:02:58', 'RteBAtrxSvQ', 365.48, '已下载']
['2023-12-09 03:04:01', 'ku7yUb5CFVA', 694.96, '已下载']
[200, '2023-12-10 03:00:04', '2vBlD7tY9Ng', 433.72, '已下载']
[200, '2023-12-11 03:00:03', 'kIpl-6CvkBQ', 408.99, '已下载']
[200, '2023-12-14 03:00:04', '7bALLylc_10', 329.5, '已下载']
['2023-12-14 03:02:57', '2AIfMC030LE', 895.73, '已下载']
['2023-12-14 03:12:00', 'QOxDFPBe6dM', 329.25, '已下载']
[200, '2023-12-17 03:00:04', 'Qc2sUbvsTQc', 330.48, '已下载']
['2023-12-17 03:01:24', 'ZW3hiHzRlSM', 294.04, '已下载']
['2023-12-17 03:02:36', 'fexPINMpfNQ', 275.79, '已下载']
[200, '2023-12-20 03:00:03', 'QtzlMnBInMc', 849.34, '已下载']
['2023-12-20 03:06:52', 'p4JbMhNiN14', 453.93, '2023-12-20 03:08:47', 'uUiTDmc9zUU', 259.42, '已下载']
[200, '2023-12-22 03:00:03', 'dWuQytdIb7A', 494.16, '已下载']
[200, '2023-12-23 03:00:03', 'EWANb_IcjUY', 420.69, '2023-12-23 03:01:05', 'Yfaw9T6DHOw', 441.56, '已下载']
[200, '2023-12-25 03:00:03', 'wLmViWvqRUI', 456.72, '已下载']
[200, '2023-12-30 14:00:04', 'hSzPqKsUPZo', 491.66, '2023-12-30 14:02:53', 'eh3DV7FaCRg', 369.04, '已下载']
[200, '2023-12-31 14:00:03', '9okClBeTLg4', 419.77, '已下载']
['2023-12-31 14:01:55', 'hIN98lGIp-E', 371.67, '已下载']
['2023-12-31 14:03:07', 'FnhmgYjj0vY', 361.86, '已下载']
['2023-12-31 14:04:24', 'qi4gxsc9YfE', 271.43, '已下载']
[200, '2024-01-03 14:00:13', 'AAqIAJfdqkE', 243.09, '2024-01-03 14:03:05', 'JtHFVbIakfU', 206.51, '已下载']
['2024-01-03 14:03:54', 'iQN_WfH4bXs', 366.31, '已下载']
['2024-01-03 14:04:41', 'VHvIFEFeZ1A', 304.85, '已下载']
[200, '2024-01-04 02:00:03', '_0_iwDQMpFY', 547.55, '已下载']
[200, '2024-01-05 02:00:03', 'fv2Mbyb4raM', 204.49, '已下载']
[200, '2024-01-06 02:00:04', '47w9mimnuGA', 163.76, '已下载']
[200, '2024-01-07 02:00:04', 'oIyEOQ4Dmmc', 584.81, '已下载']
[200, '2024-01-08 02:00:03', 'ZoPCy8cAi5U', 197.42, '已下载']
[200, '2024-01-10 14:00:03', '6iB_R0WnyRQ', 575.91, '已下载']
[200, '2024-01-13 14:00:05', 'o_nEJHcDceo', 126.09, '已下载']
[200, '2024-01-14 14:00:04', 'i6uopm3T_7Q', 128.07, '已下载']
[200, '2024-01-17 02:00:03', 'Oa49rQFLJ2M', 893.69, '已下载']
[200, '2024-01-20 14:00:05', 'LLwjp8VNC5o', 47.99, '已下载']
[200, '2024-01-21 14:00:34', 'TCKvVtVL4N4', 119.62, '已下载']
[200, '2024-01-24 02:00:03', 'X4EXEI495S4', 257.62, '已下载']
[200, '2024-01-27 02:00:03', 'wC2lCgRWWSU', 43.06, '已下载']
[200, '2024-01-29 02:00:04', '7OGJQV3mnpg', 47.77, '已下载']
[200, '2024-01-31 02:00:04', 'aTSZLdkwO-8', 217.33, '已下载']
[200, '2024-02-03 02:00:04', 'MBS9uqgIHVc', 124.35, '已下载']
[200, '2024-02-04 14:00:03', '9GqegjKCL_0', 138.87, '已下载']
[200, '2024-02-07 14:00:05', 'NBFOAptSNLg', 489.25, '已下载']
[200, '2024-02-10 02:00:05', 'um3MOFxU_b8', 65.08, '已下载']
[200, '2024-02-12 02:00:23', 'qYLGP5gnZ8A', 40.13, '已下载']
[200, '2024-02-14 02:00:04', 'XSDGgC1yTos', 220.06, '已下载']
[200, '2024-02-17 02:00:05', '0F0XfFRok3w', 31.65, '已下载']
[200, '2024-02-18 14:00:03', 'zkrXEy5do3k', 29.43, '已下载']
[200, '2024-02-23 09:42:45', 'Y6rxio5dlSo', 551.59, '已下载']
[200, '2024-02-24 02:00:03', '6yIj8uwe_wk', 38.72, '已下载']
[200, '2024-02-25 14:00:04', 'u3nkDsq7OJ4', 32.15, '已下载']
[200, '2024-02-28 14:00:04', 'VkOAyiqrOp8', 352.77, '已下载']
[200, '2024-02-29 02:00:04', 'HXint-lxMvY', 352.77, '已下载']
[200, '2024-03-02 02:00:04', 'OCw1rhj4JrA', 39.46, '已下载']
[200, '2024-03-04 14:00:04', 'q_cheDH0Cyw', 28.51, '已下载']
[200, '2024-03-06 02:00:14', 'yiqO9yDDfUw', 221.98, '已下载']
[200, '2024-03-09 02:00:03', 'DnR3moTPMVQ', 46.64, '已下载']
[200, '2024-03-10 14:00:04', 'qTRme8KUH3c', 40.78, '已下载']
[200, '2024-03-13 02:00:04', 'Lv_DJ_Eaml0', 285.99, '已下载']
[200, '2024-03-15 02:00:03', 'SBfX84FoIWw', 349.21, '已下载']
[200, '2024-03-16 02:00:13', 'Mtw_AukO4WM', 38.23, '已下载']
[200, '2024-03-20 14:00:03', 'cLlz3NFfMk8', 380.52, '已下载']
['2024-03-20 14:05:18', 'D-GR6oKQcDY', 34.15, '已下载']
[200, '2024-03-22 14:00:14', 'NySjshzKJXQ', 133.11, '已下载']
[200, '2024-03-23 02:00:04', 'sJt8Uf3SKuA', 34.74, '已下载']
[200, '2024-03-25 14:00:08', 'O4zHAiuGAhU', 44.74, '已下载']
[200, '2024-03-27 02:00:03', 's2xd1QSDnKA', 157.96, '已下载']
[200, '2024-03-29 14:00:04', 'HJ1OPrDgQCc', 55.09, '已下载']
[200, '2024-03-30 02:00:09', 'o3GvuIrO17Y', 39.12, '已下载']
[200, '2024-03-31 14:00:04', '9rEFG4bwCBY', 34.58, '已下载']
[200, '2024-04-02 02:00:03', 'nSf7kXu1wW4', 211.92, '已下载']
[200, '2024-04-04 02:00:05', '7vU93uJ882A', 212.94, '已下载']
[200, '2024-04-07 02:00:04', 'LzUkAYFgu2U', 28.12, '已下载']
[200, '2024-04-07 14:00:06', '2Sd_Zrlheh0', 25.19, '已下载']
[200, '2024-04-09 02:00:07', 'l6gBCzbDINk', 231.02, '已下载']
[200, '2024-04-11 02:00:03', 'GF6JAzCMcaU', 249.23, '已下载']
[200, '2024-04-13 02:00:03', 'Ry1TS6Voeg8', 128.93, '已下载']
[200, '2024-04-16 02:00:03', 'T2MrKNLzpBg', 681.66, '已下载']
['2024-04-16 02:01:13', 'Xzmhq4GzUm4', 161.55, '已下载']
[200, '2024-04-18 02:00:03', '71ybqKhL1vU', 40.16, '已下载']
[200, '2024-04-20 02:00:03', 'RaUtmit3g_g', 332.57, '已下载']
[200, '2024-04-21 14:00:09', 'xT2c7p9TuBE', 236.79, '已下载']
[200, '2024-04-23 14:00:04', 'RIUV2fws72w', 84.61, '已下载']
[200, '2024-04-25 02:00:04', 'QVphiXoWzg4', 29.96, '已下载']
[200, '2024-04-27 02:00:04', 'CNy352AulUE', 250.08, '已下载']
[200, '2024-04-28 14:00:04', 'zg5I9E3OGX4', 219.34, '已下载']
[200, '2024-04-30 02:00:02', 'nbeAXtw-5GI', 292.85, '已下载']
[200, '2024-05-02 02:00:03', 'fw1Eo4WKfPY', 21.07, '已下载']
[200, '2024-05-04 02:00:03', 'Vclz9mWG1BU', 129.78, '已下载']
[200, '2024-05-05 14:00:04', '2iEkmLPpHtI', 223.53, '已下载']
[200, '2024-05-09 02:00:04', 'tb3a9xOOQpA', 62.36, '已下载']
['2024-05-09 02:00:31', 'YITP9w7TjI4', 116.38, '已下载']
[200, '2024-05-11 02:00:03', 'eMyHdraa9Bo', 225.43, '已下载']
[200, '2024-05-12 14:00:03', 'lMAw5XTvFTc', 395.66, '已下载']
[200, '2024-05-15 14:00:04', 'zEfMUQwnNII', 468.45, '已下载']
[200, '2024-05-16 02:00:03', 'YOmRvk643cQ', 303.01, '已下载']
[200, '2024-05-18 02:00:03', '_tECYB4TtME', 226.96, '已下载']
[200, '2024-05-19 14:00:05', 'ZRplbCUBZ5o', 178.78, '已下载']
[200, '2024-05-21 02:00:03', 'p75tPgTkzV0', 90.61, '已下载']
[200, '2024-05-24 02:00:03', 'jEyhj1zS0o8', 294.96, '已下载']
[200, '2024-05-25 02:00:03', 'qhMkoJFYcUA', 94.83, '已下载']
[200, '2024-05-26 14:00:03', '12GSqdztLV8', 108.14, '已下载']
[200, '2024-05-28 14:00:03', '1yhSLbogDEw', 211.48, '已下载']
[200, '2024-05-31 02:00:03', 'czklhKmCGQ8', 362.2, '已下载']
[200, '2024-06-01 02:00:03', 'ctTzl6wGkpg', 247.4, '已下载']
[200, '2024-06-02 02:00:03', 'BEau2vPkQZU', 259.23, '已下载']
[200, '2024-06-02 14:00:04', '9T7E4JgsNmU', 16.8, '已下载']
[200, '2024-06-04 02:00:23', '_i2PNW0JOSY', 88.05, '已下载']
[200, '2024-06-06 14:00:05', '_uug4S-dUrU', 151.28, '已下载']
[200, '2024-06-08 02:00:03', '9VAswBWAPv0', 86.01, '已下载']
[200, '2024-06-10 02:00:03', 'RTfbF8fCulk', 306.83, '已下载']
[200, '2024-06-11 02:00:03', 'Z36sFcSAduc', 33.72, '已下载']
[200, '2024-06-13 02:00:03', 'WiZ3mOVcwIw', 275.34, '已下载']
[200, '2024-06-15 02:00:03', 'Ep0oSF5wXNc', 229.43, '已下载']
[200, '2024-06-17 02:00:03', 'uTSP9Yb7-Vo', 127.73, '已下载']
[200, '2024-06-18 02:00:03', 'D1ZlQPpiH7Y', 330.5, '已下载']
[200, '2024-06-20 02:00:03', 'rSHjxw_BHkM', 63.06, '已下载']
[200, '2024-06-22 02:00:04', 'F6VqP1c5gKE', 88.15, '已下载']
[200, '2024-06-24 02:00:04', 'lwpN_oCXba0', 81.73, '已下载']
[200, '2024-06-25 02:00:04', '1i2MHT82WI8', 99.74, '已下载']
[200, '2024-06-27 02:00:03', 'D01FSSNkFR4', 92.37, '已下载']
[200, '2024-06-29 02:00:04', 'tBxPg2dtZDw', 83.46, '已下载']
[200, '2024-07-01 14:00:04', '_0gpczzUQzY', 114.49, '已下载']
[200, '2024-07-02 02:00:03', 'PoWqf3u723g', 84.55, '已下载']
[200, '2024-07-04 02:00:04', '75UE8Tn4qOQ', 110.27, '已下载']
[200, '2024-07-06 02:00:04', 'MlxSA7f8HQY', 91.74, '已下载']
[200, '2024-07-08 02:00:04', '_g8IsGnZXbU', 115.74, '已下载']
[200, '2024-07-09 14:00:04', '-S8DVK2XErM', 95.42, '已下载']
[200, '2024-09-27 15:31:05', 'l7abglqLWbg', 150.75, '已下载']
['2024-09-27 15:31:36', '1TMiKhadCl8', 104.02, '已下载']
